"t","smMHz","memMHz","powerW","tempC","utilPct","swPowerCap","hwSlowdown","hwThermal","swThermal","hwPowerBrake"
"0.25","1890","9601","11.29","34","1","Not Active","Not Active","Not Active","Not Active","Not Active"
"0.6","1890","9601","13.91","34","5","Not Active","Not Active","Not Active","Not Active","Not Active"
"0.94","2670","9601","22.63","39","92","Not Active","Not Active","Not Active","Not Active","Not Active"
"1.27","2655","9601","46.79","39","100","Not Active","Not Active","Not Active","Not Active","Not Active"
"1.59","2655","9601","72.71","51","100","Not Active","Not Active","Not Active","Not Active","Not Active"
"1.9","2655","9601","98.26","51","100","Not Active","Not Active","Not Active","Not Active","Not Active"
"2.22","2655","9601","108.76","52","100","Not Active","Not Active","Not Active","Not Active","Not Active"
"2.55","2655","9601","108.36","52","100","Not Active","Not Active","Not Active","Not Active","Not Active"
"2.88","2655","9601","108.69","52","100","Not Active","Not Active","Not Active","Not Active","Not Active"
"3.2","2655","9601","109.38","52","100","Not Active","Not Active","Not Active","Not Active","Not Active"
"3.51","2655","9601","110.19","53","100","Not Active","Not Active","Not Active","Not Active","Not Active"
"3.83","2655","9601","111","53","100","Not Active","Not Active","Not Active","Not Active","Not Active"
"4.15","2655","9601","111.27","53","100","Not Active","Not Active","Not Active","Not Active","Not Active"
"4.46","2655","9601","111.5","53","100","Not Active","Not Active","Not Active","Not Active","Not Active"
"4.77","2655","9601","111.53","54","100","Not Active","Not Active","Not Active","Not Active","Not Active"
"5.08","2655","9601","111.62","54","99","Not Active","Not Active","Not Active","Not Active","Not Active"
"5.4","2655","9601","111.74","54","100","Not Active","Not Active","Not Active","Not Active","Not Active"
"5.71","2655","9601","111.81","54","100","Not Active","Not Active","Not Active","Not Active","Not Active"
"6.02","2655","9601","111.85","54","100","Not Active","Not Active","Not Active","Not Active","Not Active"
"6.34","2655","9601","111.87","54","100","Not Active","Not Active","Not Active","Not Active","Not Active"
"6.65","2655","9601","111.9","54","100","Not Active","Not Active","Not Active","Not Active","Not Active"
"6.96","2655","9601","111.95","55","100","Not Active","Not Active","Not Active","Not Active","Not Active"
"7.28","2655","9601","112.05","55","100","Not Active","Not Active","Not Active","Not Active","Not Active"
"7.59","2655","9601","112.09","55","100","Not Active","Not Active","Not Active","Not Active","Not Active"
"7.9","2655","9601","111.51","55","100","Not Active","Not Active","Not Active","Not Active","Not Active"
"8.21","2655","9601","111","55","100","Not Active","Not Active","Not Active","Not Active","Not Active"
"8.51","2655","9601","110.21","55","100","Not Active","Not Active","Not Active","Not Active","Not Active"
"8.84","2655","9601","110.32","55","100","Not Active","Not Active","Not Active","Not Active","Not Active"
"9.16","2655","9601","109.77","55","100","Not Active","Not Active","Not Active","Not Active","Not Active"
"9.48","2655","9601","110.08","55","100","Not Active","Not Active","Not Active","Not Active","Not Active"
"9.79","2655","9601","110.87","55","100","Not Active","Not Active","Not Active","Not Active","Not Active"
"10.1","2655","9601","112.14","56","100","Not Active","Not Active","Not Active","Not Active","Not Active"
"10.43","2655","9601","111.49","56","100","Not Active","Not Active","Not Active","Not Active","Not Active"
"10.74","2655","9601","111.55","56","100","Not Active","Not Active","Not Active","Not Active","Not Active"
"11.05","2655","9601","111.6","56","100","Not Active","Not Active","Not Active","Not Active","Not Active"
"11.37","2655","9601","112.36","56","100","Not Active","Not Active","Not Active","Not Active","Not Active"
"11.69","2655","9601","112.57","56","100","Not Active","Not Active","Not Active","Not Active","Not Active"
"12","2655","9601","112.63","57","100","Not Active","Not Active","Not Active","Not Active","Not Active"
"12.31","2655","9601","112.13","57","100","Not Active","Not Active","Not Active","Not Active","Not Active"
"12.61","2655","9601","112.1","57","100","Not Active","Not Active","Not Active","Not Active","Not Active"
"12.94","2655","9601","112.12","57","100","Not Active","Not Active","Not Active","Not Active","Not Active"
"13.27","2655","9601","111","57","91","Not Active","Not Active","Not Active","Not Active","Not Active"
"13.6","2655","9601","111.37","57","100","Not Active","Not Active","Not Active","Not Active","Not Active"
"13.95","2655","9601","111.44","57","100","Not Active","Not Active","Not Active","Not Active","Not Active"
"14.26","2655","9601","112.78","57","100","Not Active","Not Active","Not Active","Not Active","Not Active"
"14.57","2655","9601","112.78","57","100","Not Active","Not Active","Not Active","Not Active","Not Active"
"14.88","2655","9601","112.7","57","100","Not Active","Not Active","Not Active","Not Active","Not Active"
"15.2","2655","9601","112.65","57","100","Not Active","Not Active","Not Active","Not Active","Not Active"
"15.51","2655","9601","112.75","57","100","Not Active","Not Active","Not Active","Not Active","Not Active"
"15.81","2655","9601","112.74","57","100","Not Active","Not Active","Not Active","Not Active","Not Active"
"16.14","2655","9601","112.89","57","100","Not Active","Not Active","Not Active","Not Active","Not Active"
"16.45","2655","9601","112.92","58","100","Not Active","Not Active","Not Active","Not Active","Not Active"
"16.76","2655","9601","112.93","58","100","Not Active","Not Active","Not Active","Not Active","Not Active"
"17.05","2655","9601","112.9","58","100","Not Active","Not Active","Not Active","Not Active","Not Active"
"17.36","2655","9601","112.98","58","100","Not Active","Not Active","Not Active","Not Active","Not Active"
"17.68","2655","9601","113.03","58","100","Not Active","Not Active","Not Active","Not Active","Not Active"
"18","2655","9601","112.88","58","100","Not Active","Not Active","Not Active","Not Active","Not Active"
"18.31","2655","9601","112.88","58","100","Not Active","Not Active","Not Active","Not Active","Not Active"
"18.61","2655","9601","112.89","58","100","Not Active","Not Active","Not Active","Not Active","Not Active"
"18.94","2655","9601","112.98","58","100","Not Active","Not Active","Not Active","Not Active","Not Active"
"19.25","2655","9601","113.18","58","100","Not Active","Not Active","Not Active","Not Active","Not Active"
"19.55","2655","9601","113.21","58","100","Not Active","Not Active","Not Active","Not Active","Not Active"
"19.87","2655","9601","113.23","58","100","Not Active","Not Active","Not Active","Not Active","Not Active"
"20.19","2655","9601","113.18","58","100","Not Active","Not Active","Not Active","Not Active","Not Active"
"20.49","2655","9601","113.03","58","100","Not Active","Not Active","Not Active","Not Active","Not Active"
"20.79","2655","9601","113.01","58","100","Not Active","Not Active","Not Active","Not Active","Not Active"
"21.12","2655","9601","111.69","58","100","Not Active","Not Active","Not Active","Not Active","Not Active"
"21.43","2655","9601","111.92","58","100","Not Active","Not Active","Not Active","Not Active","Not Active"
"21.76","2655","9601","111.96","59","100","Not Active","Not Active","Not Active","Not Active","Not Active"
"22.06","2655","9601","111.99","59","100","Not Active","Not Active","Not Active","Not Active","Not Active"
"22.37","2655","9601","113.31","59","100","Not Active","Not Active","Not Active","Not Active","Not Active"
"22.67","2655","9601","113.3","59","100","Not Active","Not Active","Not Active","Not Active","Not Active"
"22.98","2655","9601","113.32","59","100","Not Active","Not Active","Not Active","Not Active","Not Active"
"23.29","2655","9601","113.37","59","100","Not Active","Not Active","Not Active","Not Active","Not Active"
"23.64","2640","9601","113.47","59","100","Not Active","Not Active","Not Active","Not Active","Not Active"
"23.95","2640","9601","113.39","59","100","Not Active","Not Active","Not Active","Not Active","Not Active"
"24.27","2640","9601","113.21","59","100","Not Active","Not Active","Not Active","Not Active","Not Active"
"24.58","2640","9601","113","59","100","Not Active","Not Active","Not Active","Not Active","Not Active"
"24.9","2640","9601","112.42","59","100","Not Active","Not Active","Not Active","Not Active","Not Active"
"25.21","2640","9601","110.94","59","91","Not Active","Not Active","Not Active","Not Active","Not Active"
"25.52","2640","9601","111.17","59","100","Not Active","Not Active","Not Active","Not Active","Not Active"
"25.82","2640","9601","111.59","59","100","Not Active","Not Active","Not Active","Not Active","Not Active"
"26.14","2640","9601","111.76","60","100","Not Active","Not Active","Not Active","Not Active","Not Active"
"26.47","2640","9601","113","60","100","Not Active","Not Active","Not Active","Not Active","Not Active"
"26.78","2640","9601","112.85","60","100","Not Active","Not Active","Not Active","Not Active","Not Active"
"27.1","2640","9601","112.77","60","100","Not Active","Not Active","Not Active","Not Active","Not Active"
"27.42","2640","9601","112.66","60","100","Not Active","Not Active","Not Active","Not Active","Not Active"
"27.73","2640","9601","112.76","60","100","Not Active","Not Active","Not Active","Not Active","Not Active"
"28.04","2640","9601","112.99","60","100","Not Active","Not Active","Not Active","Not Active","Not Active"
"28.35","2640","9601","113.02","60","100","Not Active","Not Active","Not Active","Not Active","Not Active"
"28.66","2640","9601","113.19","60","100","Not Active","Not Active","Not Active","Not Active","Not Active"
"28.97","2640","9601","113.29","60","100","Not Active","Not Active","Not Active","Not Active","Not Active"
"29.28","2640","9601","111.99","60","92","Not Active","Not Active","Not Active","Not Active","Not Active"
"29.59","2640","9601","112.09","60","100","Not Active","Not Active","Not Active","Not Active","Not Active"
"29.89","2640","9601","112.07","60","100","Not Active","Not Active","Not Active","Not Active","Not Active"
"30.22","2640","9601","112.04","60","100","Not Active","Not Active","Not Active","Not Active","Not Active"
"30.54","2640","9601","113.34","60","100","Not Active","Not Active","Not Active","Not Active","Not Active"
"30.85","2640","9601","113.35","60","100","Not Active","Not Active","Not Active","Not Active","Not Active"
"31.15","2640","9601","113.37","61","100","Not Active","Not Active","Not Active","Not Active","Not Active"
"31.47","2640","9601","113.5","61","100","Not Active","Not Active","Not Active","Not Active","Not Active"
"31.77","2640","9601","113.53","61","100","Not Active","Not Active","Not Active","Not Active","Not Active"
"32.08","2640","9601","113.58","61","100","Not Active","Not Active","Not Active","Not Active","Not Active"
"32.39","2640","9601","113.51","61","100","Not Active","Not Active","Not Active","Not Active","Not Active"
"32.71","2640","9601","113.5","61","100","Not Active","Not Active","Not Active","Not Active","Not Active"
"33.02","2640","9601","113.51","61","100","Not Active","Not Active","Not Active","Not Active","Not Active"
"33.34","2640","9601","112.16","61","99","Not Active","Not Active","Not Active","Not Active","Not Active"
"33.67","2640","9601","112.21","61","100","Not Active","Not Active","Not Active","Not Active","Not Active"
"33.98","2640","9601","112.22","61","100","Not Active","Not Active","Not Active","Not Active","Not Active"
"34.3","2640","9601","113.23","61","100","Not Active","Not Active","Not Active","Not Active","Not Active"
"34.61","2640","9601","113.63","61","100","Not Active","Not Active","Not Active","Not Active","Not Active"
"34.94","2640","9601","113.64","61","100","Not Active","Not Active","Not Active","Not Active","Not Active"
"35.25","2640","9601","113.67","61","100","Not Active","Not Active","Not Active","Not Active","Not Active"
"35.55","2640","9601","113.74","61","100","Not Active","Not Active","Not Active","Not Active","Not Active"
"35.86","2640","9601","113.77","61","100","Not Active","Not Active","Not Active","Not Active","Not Active"
"36.17","2640","9601","113.77","61","100","Not Active","Not Active","Not Active","Not Active","Not Active"
"36.48","2640","9601","113.69","61","100","Not Active","Not Active","Not Active","Not Active","Not Active"
"36.81","2640","9601","113.67","62","100","Not Active","Not Active","Not Active","Not Active","Not Active"
"37.13","2640","9601","113.66","62","100","Not Active","Not Active","Not Active","Not Active","Not Active"
"37.45","2640","9601","113.7","62","99","Not Active","Not Active","Not Active","Not Active","Not Active"
"37.76","2640","9601","113.74","62","100","Not Active","Not Active","Not Active","Not Active","Not Active"
"38.07","2640","9601","113.77","62","100","Not Active","Not Active","Not Active","Not Active","Not Active"
"38.37","2640","9601","113.79","62","100","Not Active","Not Active","Not Active","Not Active","Not Active"
"38.68","2640","9601","113.69","62","100","Not Active","Not Active","Not Active","Not Active","Not Active"
"38.99","2640","9601","113.69","62","100","Not Active","Not Active","Not Active","Not Active","Not Active"
"39.31","2640","9601","113.73","62","100","Not Active","Not Active","Not Active","Not Active","Not Active"
"39.62","2640","9601","113.41","62","100","Not Active","Not Active","Not Active","Not Active","Not Active"
"39.95","2640","9601","112.59","62","100","Not Active","Not Active","Not Active","Not Active","Not Active"
"40.26","2640","9601","112.36","62","100","Not Active","Not Active","Not Active","Not Active","Not Active"
"40.59","2640","9601","112.68","62","100","Not Active","Not Active","Not Active","Not Active","Not Active"
"40.9","2640","9601","112.89","62","100","Not Active","Not Active","Not Active","Not Active","Not Active"
"41.22","2640","9601","113.91","62","100","Not Active","Not Active","Not Active","Not Active","Not Active"
"41.54","2640","9601","114.01","62","100","Not Active","Not Active","Not Active","Not Active","Not Active"
"41.85","2640","9601","114.02","62","100","Not Active","Not Active","Not Active","Not Active","Not Active"
"42.16","2640","9601","114.01","62","100","Not Active","Not Active","Not Active","Not Active","Not Active"
"42.47","2640","9601","113.93","62","100","Not Active","Not Active","Not Active","Not Active","Not Active"
"42.77","2640","9601","113.85","62","100","Not Active","Not Active","Not Active","Not Active","Not Active"
"43.09","2640","9601","113.84","62","100","Not Active","Not Active","Not Active","Not Active","Not Active"
"43.42","2640","9601","113.96","62","100","Not Active","Not Active","Not Active","Not Active","Not Active"
"43.74","2640","9601","114.08","63","100","Not Active","Not Active","Not Active","Not Active","Not Active"
"44.05","2640","9601","114.13","63","100","Not Active","Not Active","Not Active","Not Active","Not Active"
"44.36","2640","9601","113.8","63","100","Not Active","Not Active","Not Active","Not Active","Not Active"
"44.68","2640","9601","113.82","63","100","Not Active","Not Active","Not Active","Not Active","Not Active"
"44.98","2640","9601","113.83","63","100","Not Active","Not Active","Not Active","Not Active","Not Active"
"45.32","2640","9601","112.55","63","100","Not Active","Not Active","Not Active","Not Active","Not Active"
"45.62","2640","9601","112.82","63","100","Not Active","Not Active","Not Active","Not Active","Not Active"
"45.94","2640","9601","112.85","63","100","Not Active","Not Active","Not Active","Not Active","Not Active"
"46.25","2640","9601","112.76","63","100","Not Active","Not Active","Not Active","Not Active","Not Active"
"46.57","2640","9601","114.15","63","100","Not Active","Not Active","Not Active","Not Active","Not Active"
"46.88","2640","9601","113.95","63","100","Not Active","Not Active","Not Active","Not Active","Not Active"
"47.2","2640","9601","113.56","63","100","Not Active","Not Active","Not Active","Not Active","Not Active"
"47.53","2640","9601","113.3","63","100","Not Active","Not Active","Not Active","Not Active","Not Active"
"47.84","2640","9601","113.16","63","100","Not Active","Not Active","Not Active","Not Active","Not Active"
"48.17","2640","9601","112.99","63","100","Not Active","Not Active","Not Active","Not Active","Not Active"
"48.49","2640","9601","112.8","63","100","Not Active","Not Active","Not Active","Not Active","Not Active"
"48.86","2640","9601","112.79","63","100","Not Active","Not Active","Not Active","Not Active","Not Active"
"49.18","2640","9601","112.34","63","100","Not Active","Not Active","Not Active","Not Active","Not Active"
"49.49","2640","9601","111.46","63","91","Not Active","Not Active","Not Active","Not Active","Not Active"
"49.8","2640","9601","111.54","63","100","Not Active","Not Active","Not Active","Not Active","Not Active"
"50.1","2640","9601","112.04","63","100","Not Active","Not Active","Not Active","Not Active","Not Active"
"50.41","2640","9601","113.75","63","100","Not Active","Not Active","Not Active","Not Active","Not Active"
"50.73","2640","9601","113.83","63","100","Not Active","Not Active","Not Active","Not Active","Not Active"
"51.06","2640","9601","113.86","64","100","Not Active","Not Active","Not Active","Not Active","Not Active"
"51.38","2640","9601","113.67","64","100","Not Active","Not Active","Not Active","Not Active","Not Active"
"51.68","2640","9601","113.33","64","100","Not Active","Not Active","Not Active","Not Active","Not Active"
"52","2640","9601","112.93","64","100","Not Active","Not Active","Not Active","Not Active","Not Active"
"52.34","2640","9601","112.55","63","100","Not Active","Not Active","Not Active","Not Active","Not Active"
"52.65","2640","9601","112.01","63","100","Not Active","Not Active","Not Active","Not Active","Not Active"
"52.97","2640","9601","111.6","63","100","Not Active","Not Active","Not Active","Not Active","Not Active"
"53.3","2640","9601","111.82","63","100","Not Active","Not Active","Not Active","Not Active","Not Active"
"53.61","2640","9601","111.26","64","100","Not Active","Not Active","Not Active","Not Active","Not Active"
"53.94","2640","9601","111.88","64","100","Not Active","Not Active","Not Active","Not Active","Not Active"
"54.26","2640","9601","112.07","61","100","Not Active","Not Active","Not Active","Not Active","Not Active"
"54.58","2640","9601","110.82","61","100","Not Active","Not Active","Not Active","Not Active","Not Active"
"54.9","2640","9601","108.7","63","99","Not Active","Not Active","Not Active","Not Active","Not Active"
"55.21","2640","9601","107.44","63","100","Not Active","Not Active","Not Active","Not Active","Not Active"
"55.54","2640","9601","109.37","64","100","Not Active","Not Active","Not Active","Not Active","Not Active"
"55.86","2640","9601","110.13","63","100","Not Active","Not Active","Not Active","Not Active","Not Active"
"56.17","2640","9601","111.96","63","100","Not Active","Not Active","Not Active","Not Active","Not Active"
"56.48","2640","9601","111.89","64","100","Not Active","Not Active","Not Active","Not Active","Not Active"
"56.8","2640","9601","112.13","64","100","Not Active","Not Active","Not Active","Not Active","Not Active"
"57.1","2640","9601","113.23","64","100","Not Active","Not Active","Not Active","Not Active","Not Active"
"57.41","2640","9601","111.88","64","91","Not Active","Not Active","Not Active","Not Active","Not Active"
"57.74","2640","9601","111.55","64","100","Not Active","Not Active","Not Active","Not Active","Not Active"
"58.06","2640","9601","111.6","64","100","Not Active","Not Active","Not Active","Not Active","Not Active"
"58.37","2640","9601","111.41","64","100","Not Active","Not Active","Not Active","Not Active","Not Active"
"58.7","2640","9601","112.98","64","100","Not Active","Not Active","Not Active","Not Active","Not Active"
"59","2640","9601","113.18","64","100","Not Active","Not Active","Not Active","Not Active","Not Active"
"59.33","2640","9601","113.14","64","100","Not Active","Not Active","Not Active","Not Active","Not Active"
"59.65","2640","9601","113.29","64","100","Not Active","Not Active","Not Active","Not Active","Not Active"
"59.97","2640","9601","113.3","64","100","Not Active","Not Active","Not Active","Not Active","Not Active"
"60.28","2640","9601","113.08","64","98","Not Active","Not Active","Not Active","Not Active","Not Active"
"60.59","2640","9601","112.98","64","100","Not Active","Not Active","Not Active","Not Active","Not Active"
"60.9","2640","9601","111.46","64","100","Not Active","Not Active","Not Active","Not Active","Not Active"
"61.2","2640","9601","111.64","64","100","Not Active","Not Active","Not Active","Not Active","Not Active"
"61.53","2640","9601","108.97","63","94","Not Active","Not Active","Not Active","Not Active","Not Active"
"61.86","2640","9601","110.51","63","100","Not Active","Not Active","Not Active","Not Active","Not Active"
"62.16","2640","9601","108.66","64","99","Not Active","Not Active","Not Active","Not Active","Not Active"
"62.48","2640","9601","109.25","64","100","Not Active","Not Active","Not Active","Not Active","Not Active"
"62.79","2640","9601","111.72","65","100","Not Active","Not Active","Not Active","Not Active","Not Active"
"63.1","2640","9601","111.89","65","100","Not Active","Not Active","Not Active","Not Active","Not Active"
"63.43","2640","9601","111.89","65","100","Not Active","Not Active","Not Active","Not Active","Not Active"
"63.74","2640","9601","110.37","65","100","Not Active","Not Active","Not Active","Not Active","Not Active"
"64.06","2640","9601","109.99","64","100","Not Active","Not Active","Not Active","Not Active","Not Active"
"64.38","2640","9601","110.16","64","100","Not Active","Not Active","Not Active","Not Active","Not Active"
"64.69","2640","9601","110.44","65","100","Not Active","Not Active","Not Active","Not Active","Not Active"
"65","2640","9601","112.12","65","100","Not Active","Not Active","Not Active","Not Active","Not Active"
"65.33","2640","9601","113.28","65","100","Not Active","Not Active","Not Active","Not Active","Not Active"
"65.63","2640","9601","112.23","65","92","Not Active","Not Active","Not Active","Not Active","Not Active"
"65.94","2640","9601","111.44","64","99","Not Active","Not Active","Not Active","Not Active","Not Active"
"66.26","2640","9601","110.9","64","100","Not Active","Not Active","Not Active","Not Active","Not Active"
"66.58","2640","9601","112.06","65","100","Not Active","Not Active","Not Active","Not Active","Not Active"
"66.88","2640","9601","111.62","65","100","Not Active","Not Active","Not Active","Not Active","Not Active"
"67.2","2640","9601","112.21","65","100","Not Active","Not Active","Not Active","Not Active","Not Active"
"67.53","2640","9601","112.74","65","100","Not Active","Not Active","Not Active","Not Active","Not Active"
"67.85","2640","9601","112.37","64","100","Not Active","Not Active","Not Active","Not Active","Not Active"
"68.15","2640","9601","111.31","64","99","Not Active","Not Active","Not Active","Not Active","Not Active"
"68.47","2640","9601","111.3","65","100","Not Active","Not Active","Not Active","Not Active","Not Active"
"68.8","2640","9601","110.42","65","99","Not Active","Not Active","Not Active","Not Active","Not Active"
"69.13","2640","9601","111.83","65","100","Not Active","Not Active","Not Active","Not Active","Not Active"
"69.44","2640","9601","110.36","65","100","Not Active","Not Active","Not Active","Not Active","Not Active"
"69.76","2640","9601","109.88","65","100","Not Active","Not Active","Not Active","Not Active","Not Active"
"70.07","2640","9601","110.5","65","100","Not Active","Not Active","Not Active","Not Active","Not Active"
"70.38","2640","9601","109.96","64","100","Not Active","Not Active","Not Active","Not Active","Not Active"
"70.69","2640","9601","112.2","64","100","Not Active","Not Active","Not Active","Not Active","Not Active"
"71.03","2640","9601","113.01","65","100","Not Active","Not Active","Not Active","Not Active","Not Active"
"71.37","2640","9601","113.11","65","100","Not Active","Not Active","Not Active","Not Active","Not Active"
"71.69","2640","9601","113.93","66","100","Not Active","Not Active","Not Active","Not Active","Not Active"
"72","2640","9601","113.67","66","100","Not Active","Not Active","Not Active","Not Active","Not Active"
"72.32","2640","9601","113.32","66","100","Not Active","Not Active","Not Active","Not Active","Not Active"
"72.64","2640","9601","112.97","65","100","Not Active","Not Active","Not Active","Not Active","Not Active"
"72.95","2640","9601","112.58","65","100","Not Active","Not Active","Not Active","Not Active","Not Active"
"73.25","2640","9601","112.44","65","100","Not Active","Not Active","Not Active","Not Active","Not Active"
"73.57","2640","9601","110.99","65","92","Not Active","Not Active","Not Active","Not Active","Not Active"
"73.93","2640","9601","110.91","66","100","Not Active","Not Active","Not Active","Not Active","Not Active"
"74.25","2640","9601","110.43","66","100","Not Active","Not Active","Not Active","Not Active","Not Active"
"74.56","2640","9601","111.77","66","100","Not Active","Not Active","Not Active","Not Active","Not Active"
"74.87","2640","9601","112.5","66","100","Not Active","Not Active","Not Active","Not Active","Not Active"
"75.17","2640","9601","112.26","65","100","Not Active","Not Active","Not Active","Not Active","Not Active"
"75.52","2640","9601","112.14","65","100","Not Active","Not Active","Not Active","Not Active","Not Active"
"75.84","2640","9601","111.94","66","100","Not Active","Not Active","Not Active","Not Active","Not Active"
"76.15","2640","9601","112.65","66","100","Not Active","Not Active","Not Active","Not Active","Not Active"
"76.47","2640","9601","113.39","66","100","Not Active","Not Active","Not Active","Not Active","Not Active"
"76.79","2640","9601","114.13","66","100","Not Active","Not Active","Not Active","Not Active","Not Active"
"77.12","2640","9601","114.54","66","100","Not Active","Not Active","Not Active","Not Active","Not Active"
"77.43","2640","9601","114.79","66","100","Not Active","Not Active","Not Active","Not Active","Not Active"
"77.74","2640","9601","113.48","66","100","Not Active","Not Active","Not Active","Not Active","Not Active"
"78.07","2640","9601","113.52","66","100","Not Active","Not Active","Not Active","Not Active","Not Active"
"78.39","2640","9601","113.45","66","100","Not Active","Not Active","Not Active","Not Active","Not Active"
"78.72","2640","9601","114.41","66","100","Not Active","Not Active","Not Active","Not Active","Not Active"
"79.04","2640","9601","114.19","66","100","Not Active","Not Active","Not Active","Not Active","Not Active"
"79.35","2640","9601","113.56","66","100","Not Active","Not Active","Not Active","Not Active","Not Active"
"79.65","2640","9601","113.14","66","100","Not Active","Not Active","Not Active","Not Active","Not Active"
"79.97","2640","9601","113.18","66","100","Not Active","Not Active","Not Active","Not Active","Not Active"
"80.29","2640","9601","113.35","66","100","Not Active","Not Active","Not Active","Not Active","Not Active"
"80.59","2640","9601","114.02","66","100","Not Active","Not Active","Not Active","Not Active","Not Active"
"80.92","2640","9601","114.94","67","100","Not Active","Not Active","Not Active","Not Active","Not Active"
"81.23","2640","9601","115.26","67","100","Not Active","Not Active","Not Active","Not Active","Not Active"
"81.54","2640","9601","114","67","91","Not Active","Not Active","Not Active","Not Active","Not Active"
"81.84","2640","9601","114.01","67","100","Not Active","Not Active","Not Active","Not Active","Not Active"
"82.15","2640","9601","114.07","67","100","Not Active","Not Active","Not Active","Not Active","Not Active"
"82.47","2640","9601","113.99","67","100","Not Active","Not Active","Not Active","Not Active","Not Active"
"82.77","2640","9601","115.37","67","100","Not Active","Not Active","Not Active","Not Active","Not Active"
"83.09","2640","9601","115.4","67","100","Not Active","Not Active","Not Active","Not Active","Not Active"
"83.41","2640","9601","115.47","67","100","Not Active","Not Active","Not Active","Not Active","Not Active"
"83.73","2640","9601","115.47","67","100","Not Active","Not Active","Not Active","Not Active","Not Active"
"84.05","2640","9601","115.49","67","100","Not Active","Not Active","Not Active","Not Active","Not Active"
"84.36","2640","9601","115.43","67","100","Not Active","Not Active","Not Active","Not Active","Not Active"
"84.68","2640","9601","115.42","67","100","Not Active","Not Active","Not Active","Not Active","Not Active"
"84.99","2640","9601","115.44","67","100","Not Active","Not Active","Not Active","Not Active","Not Active"
"85.3","2640","9601","115.44","67","100","Not Active","Not Active","Not Active","Not Active","Not Active"
"85.61","2640","9601","115.48","67","99","Not Active","Not Active","Not Active","Not Active","Not Active"
"85.92","2640","9601","115.11","67","100","Not Active","Not Active","Not Active","Not Active","Not Active"
"86.24","2640","9601","114.95","67","100","Not Active","Not Active","Not Active","Not Active","Not Active"
"86.55","2640","9601","114.74","67","100","Not Active","Not Active","Not Active","Not Active","Not Active"
"86.86","2640","9601","115.06","67","100","Not Active","Not Active","Not Active","Not Active","Not Active"
"87.17","2640","9601","115.16","67","100","Not Active","Not Active","Not Active","Not Active","Not Active"
"87.49","2640","9601","115.41","67","100","Not Active","Not Active","Not Active","Not Active","Not Active"
"87.79","2640","9601","115.36","67","100","Not Active","Not Active","Not Active","Not Active","Not Active"
"88.14","2640","9601","115.31","67","100","Not Active","Not Active","Not Active","Not Active","Not Active"
"88.45","2640","9601","114.53","67","97","Not Active","Not Active","Not Active","Not Active","Not Active"
"88.77","2640","9601","114.57","67","100","Not Active","Not Active","Not Active","Not Active","Not Active"
"89.08","2640","9601","114.36","67","100","Not Active","Not Active","Not Active","Not Active","Not Active"
"89.39","2640","9601","114.27","67","100","Not Active","Not Active","Not Active","Not Active","Not Active"
"89.71","2640","9601","113.09","67","92","Not Active","Not Active","Not Active","Not Active","Not Active"
"90.01","2640","9601","113.36","67","100","Not Active","Not Active","Not Active","Not Active","Not Active"
"90.33","2640","9601","113.8","67","100","Not Active","Not Active","Not Active","Not Active","Not Active"
"90.64","2640","9601","113.71","67","100","Not Active","Not Active","Not Active","Not Active","Not Active"
"90.94","2640","9601","114.95","67","100","Not Active","Not Active","Not Active","Not Active","Not Active"
"91.26","2640","9601","114.65","67","100","Not Active","Not Active","Not Active","Not Active","Not Active"
"91.58","2640","9601","114.87","67","100","Not Active","Not Active","Not Active","Not Active","Not Active"
"91.93","2640","9601","114.96","67","100","Not Active","Not Active","Not Active","Not Active","Not Active"
"92.25","2640","9601","115.12","67","100","Not Active","Not Active","Not Active","Not Active","Not Active"
"92.58","2640","9601","115.12","67","100","Not Active","Not Active","Not Active","Not Active","Not Active"
"92.95","2640","9601","115.13","68","100","Not Active","Not Active","Not Active","Not Active","Not Active"
"93.26","2640","9601","115.15","68","100","Not Active","Not Active","Not Active","Not Active","Not Active"
"93.57","2640","9601","115.2","68","100","Not Active","Not Active","Not Active","Not Active","Not Active"
"93.91","2640","9601","115.14","68","100","Not Active","Not Active","Not Active","Not Active","Not Active"
"94.22","2640","9601","115.17","68","100","Not Active","Not Active","Not Active","Not Active","Not Active"
"94.55","2640","9601","115.12","68","100","Not Active","Not Active","Not Active","Not Active","Not Active"
"94.87","2640","9601","115.21","68","100","Not Active","Not Active","Not Active","Not Active","Not Active"
"95.17","2640","9601","115.18","68","100","Not Active","Not Active","Not Active","Not Active","Not Active"
"95.49","2640","9601","115.21","68","100","Not Active","Not Active","Not Active","Not Active","Not Active"
"95.8","2640","9601","115.24","68","100","Not Active","Not Active","Not Active","Not Active","Not Active"
"96.13","2640","9601","115.21","68","100","Not Active","Not Active","Not Active","Not Active","Not Active"
"96.44","2640","9601","115.17","68","100","Not Active","Not Active","Not Active","Not Active","Not Active"
"96.76","2640","9601","115.18","68","100","Not Active","Not Active","Not Active","Not Active","Not Active"
"97.11","2640","9601","115.24","68","100","Not Active","Not Active","Not Active","Not Active","Not Active"
"97.42","2640","9601","115.25","68","100","Not Active","Not Active","Not Active","Not Active","Not Active"
"97.75","2640","9601","113.94","68","92","Not Active","Not Active","Not Active","Not Active","Not Active"
"98.07","2640","9601","113.96","68","100","Not Active","Not Active","Not Active","Not Active","Not Active"
"98.37","2640","9601","113.94","68","100","Not Active","Not Active","Not Active","Not Active","Not Active"
"98.69","2640","9601","113.96","68","100","Not Active","Not Active","Not Active","Not Active","Not Active"
"99.01","2640","9601","115.33","68","100","Not Active","Not Active","Not Active","Not Active","Not Active"
"99.33","2640","9601","115.32","68","100","Not Active","Not Active","Not Active","Not Active","Not Active"
"99.66","2640","9601","115.42","68","100","Not Active","Not Active","Not Active","Not Active","Not Active"
"99.97","2640","9601","115.42","68","100","Not Active","Not Active","Not Active","Not Active","Not Active"
"100.28","2640","9601","115.44","68","100","Not Active","Not Active","Not Active","Not Active","Not Active"
"100.59","2640","9601","115.38","68","100","Not Active","Not Active","Not Active","Not Active","Not Active"
"100.91","2640","9601","115.37","68","100","Not Active","Not Active","Not Active","Not Active","Not Active"
"101.23","2640","9601","115.38","68","100","Not Active","Not Active","Not Active","Not Active","Not Active"
"101.54","2640","9601","115.42","68","100","Not Active","Not Active","Not Active","Not Active","Not Active"
"101.88","2640","9601","115.38","68","100","Not Active","Not Active","Not Active","Not Active","Not Active"
"102.2","2640","9601","115.37","68","100","Not Active","Not Active","Not Active","Not Active","Not Active"
"102.58","2640","9601","115.33","68","100","Not Active","Not Active","Not Active","Not Active","Not Active"
"102.9","2640","9601","115.39","68","100","Not Active","Not Active","Not Active","Not Active","Not Active"
"103.21","2640","9601","115.42","68","100","Not Active","Not Active","Not Active","Not Active","Not Active"
"103.53","2640","9601","115.46","68","100","Not Active","Not Active","Not Active","Not Active","Not Active"
"103.88","2640","9601","115.47","68","100","Not Active","Not Active","Not Active","Not Active","Not Active"
"104.19","2640","9601","115.48","68","100","Not Active","Not Active","Not Active","Not Active","Not Active"
"104.52","2640","9601","115.43","68","100","Not Active","Not Active","Not Active","Not Active","Not Active"
"104.86","2640","9601","115.44","68","100","Not Active","Not Active","Not Active","Not Active","Not Active"
"105.17","2640","9601","115.45","68","100","Not Active","Not Active","Not Active","Not Active","Not Active"
"105.48","2640","9601","115.49","68","100","Not Active","Not Active","Not Active","Not Active","Not Active"
"105.8","2640","9601","115.46","68","100","Not Active","Not Active","Not Active","Not Active","Not Active"
"106.12","2640","9601","115.46","68","100","Not Active","Not Active","Not Active","Not Active","Not Active"
"106.43","2640","9601","115.43","68","100","Not Active","Not Active","Not Active","Not Active","Not Active"
"106.74","2640","9601","115.44","68","100","Not Active","Not Active","Not Active","Not Active","Not Active"
"107.05","2640","9601","115.51","68","100","Not Active","Not Active","Not Active","Not Active","Not Active"
"107.36","2640","9601","115.54","68","100","Not Active","Not Active","Not Active","Not Active","Not Active"
"107.7","2640","9601","115.61","68","100","Not Active","Not Active","Not Active","Not Active","Not Active"
"108.02","2640","9601","115.59","68","100","Not Active","Not Active","Not Active","Not Active","Not Active"
"108.34","2640","9601","115.58","68","100","Not Active","Not Active","Not Active","Not Active","Not Active"
"108.66","2640","9601","115.51","68","100","Not Active","Not Active","Not Active","Not Active","Not Active"
"109","2640","9601","115.48","68","100","Not Active","Not Active","Not Active","Not Active","Not Active"
"109.33","2640","9601","115.5","68","100","Not Active","Not Active","Not Active","Not Active","Not Active"
"109.64","2640","9601","115.54","68","100","Not Active","Not Active","Not Active","Not Active","Not Active"
"109.97","2640","9601","114.09","68","100","Not Active","Not Active","Not Active","Not Active","Not Active"
"110.28","2640","9601","113.46","68","100","Not Active","Not Active","Not Active","Not Active","Not Active"
"110.61","2640","9601","112.71","68","100","Not Active","Not Active","Not Active","Not Active","Not Active"
"110.95","2640","9601","112.46","68","99","Not Active","Not Active","Not Active","Not Active","Not Active"
"111.27","2640","9601","111.78","68","100","Not Active","Not Active","Not Active","Not Active","Not Active"
"111.58","2640","9601","111.85","68","100","Not Active","Not Active","Not Active","Not Active","Not Active"
"111.89","2640","9601","112.49","68","100","Not Active","Not Active","Not Active","Not Active","Not Active"
"112.21","2640","9601","114.25","68","100","Not Active","Not Active","Not Active","Not Active","Not Active"
"112.55","2640","9601","114.44","68","100","Not Active","Not Active","Not Active","Not Active","Not Active"
"112.87","2640","9601","114.19","68","100","Not Active","Not Active","Not Active","Not Active","Not Active"
"113.18","2640","9601","114.02","68","100","Not Active","Not Active","Not Active","Not Active","Not Active"
"113.5","2640","9601","113.66","68","100","Not Active","Not Active","Not Active","Not Active","Not Active"
"113.81","2640","9601","114.31","68","99","Not Active","Not Active","Not Active","Not Active","Not Active"
"114.14","2640","9601","114.71","68","100","Not Active","Not Active","Not Active","Not Active","Not Active"
"114.44","2640","9601","114.15","68","100","Not Active","Not Active","Not Active","Not Active","Not Active"
"114.76","2640","9601","113.82","68","100","Not Active","Not Active","Not Active","Not Active","Not Active"
"115.08","2640","9601","113.43","68","100","Not Active","Not Active","Not Active","Not Active","Not Active"
"115.39","2640","9601","113.07","68","100","Not Active","Not Active","Not Active","Not Active","Not Active"
"115.71","2640","9601","113.35","68","100","Not Active","Not Active","Not Active","Not Active","Not Active"
"116.03","2640","9601","113.29","68","100","Not Active","Not Active","Not Active","Not Active","Not Active"
"116.34","2640","9601","112.46","68","99","Not Active","Not Active","Not Active","Not Active","Not Active"
"116.69","2640","9601","112.33","67","100","Not Active","Not Active","Not Active","Not Active","Not Active"
"117","2640","9601","111.19","67","99","Not Active","Not Active","Not Active","Not Active","Not Active"
"117.32","2640","9601","111.18","68","99","Not Active","Not Active","Not Active","Not Active","Not Active"
"117.67","2625","9601","111.71","68","100","Not Active","Not Active","Not Active","Not Active","Not Active"
"117.98","2625","9601","111.52","69","93","Not Active","Not Active","Not Active","Not Active","Not Active"
"118.28","2625","9601","112.24","69","100","Not Active","Not Active","Not Active","Not Active","Not Active"
"118.61","2625","9601","113.07","68","100","Not Active","Not Active","Not Active","Not Active","Not Active"
"118.92","2625","9601","113.54","68","100","Not Active","Not Active","Not Active","Not Active","Not Active"
"119.24","2625","9601","112.47","68","100","Not Active","Not Active","Not Active","Not Active","Not Active"
"119.56","2625","9601","112.57","68","100","Not Active","Not Active","Not Active","Not Active","Not Active"
"119.88","2625","9601","112.04","68","100","Not Active","Not Active","Not Active","Not Active","Not Active"
"120.18","2625","9601","112.81","68","100","Not Active","Not Active","Not Active","Not Active","Not Active"
"120.5","2625","9601","113.46","69","100","Not Active","Not Active","Not Active","Not Active","Not Active"
"120.81","2625","9601","113.37","69","99","Not Active","Not Active","Not Active","Not Active","Not Active"
"121.12","2625","9601","114.19","69","100","Not Active","Not Active","Not Active","Not Active","Not Active"
"121.44","2625","9601","113.52","69","100","Not Active","Not Active","Not Active","Not Active","Not Active"
"121.75","2625","9601","113.34","69","100","Not Active","Not Active","Not Active","Not Active","Not Active"
"122.06","2625","9601","112.76","69","95","Not Active","Not Active","Not Active","Not Active","Not Active"
"122.36","2625","9601","112.22","68","100","Not Active","Not Active","Not Active","Not Active","Not Active"
"122.67","2625","9601","112.72","68","99","Not Active","Not Active","Not Active","Not Active","Not Active"
"122.99","2625","9601","113.44","69","100","Not Active","Not Active","Not Active","Not Active","Not Active"
"123.3","2625","9601","112.95","69","100","Not Active","Not Active","Not Active","Not Active","Not Active"
"123.61","2625","9601","112.67","68","100","Not Active","Not Active","Not Active","Not Active","Not Active"
"123.92","2625","9601","112.5","68","100","Not Active","Not Active","Not Active","Not Active","Not Active"
"124.23","2625","9601","112.78","69","100","Not Active","Not Active","Not Active","Not Active","Not Active"
"124.53","2625","9601","113.43","69","100","Not Active","Not Active","Not Active","Not Active","Not Active"
"124.84","2625","9601","114.11","68","100","Not Active","Not Active","Not Active","Not Active","Not Active"
"125.16","2625","9601","114.29","68","100","Not Active","Not Active","Not Active","Not Active","Not Active"
"125.48","2625","9601","113.93","68","100","Not Active","Not Active","Not Active","Not Active","Not Active"
"125.8","2625","9601","113.12","68","100","Not Active","Not Active","Not Active","Not Active","Not Active"
"126.11","2625","9601","112.58","69","100","Not Active","Not Active","Not Active","Not Active","Not Active"
"126.42","2625","9601","112.18","69","100","Not Active","Not Active","Not Active","Not Active","Not Active"
"126.74","2625","9601","112.88","69","100","Not Active","Not Active","Not Active","Not Active","Not Active"
"127.06","2625","9601","113.45","69","100","Not Active","Not Active","Not Active","Not Active","Not Active"
"127.36","2625","9601","113.72","69","100","Not Active","Not Active","Not Active","Not Active","Not Active"
"127.67","2625","9601","113.73","69","100","Not Active","Not Active","Not Active","Not Active","Not Active"
"127.98","2625","9601","113.15","69","100","Not Active","Not Active","Not Active","Not Active","Not Active"
"128.32","2625","9601","113.26","69","100","Not Active","Not Active","Not Active","Not Active","Not Active"
"128.64","2625","9601","112.9","68","100","Not Active","Not Active","Not Active","Not Active","Not Active"
"128.96","2625","9601","113.36","68","100","Not Active","Not Active","Not Active","Not Active","Not Active"
"129.27","2625","9601","113.93","69","100","Not Active","Not Active","Not Active","Not Active","Not Active"
"129.58","2625","9601","114.64","69","100","Not Active","Not Active","Not Active","Not Active","Not Active"
"129.91","2625","9601","113.71","69","92","Not Active","Not Active","Not Active","Not Active","Not Active"
"130.21","2625","9601","113.83","69","100","Not Active","Not Active","Not Active","Not Active","Not Active"
"130.54","2625","9601","113.92","69","100","Not Active","Not Active","Not Active","Not Active","Not Active"
"130.86","2625","9601","113.94","69","100","Not Active","Not Active","Not Active","Not Active","Not Active"
"131.16","2625","9601","115.38","69","100","Not Active","Not Active","Not Active","Not Active","Not Active"
"131.5","2625","9601","115.05","69","100","Not Active","Not Active","Not Active","Not Active","Not Active"
"131.81","2625","9601","115.03","69","100","Not Active","Not Active","Not Active","Not Active","Not Active"
"132.15","2625","9601","114.88","69","100","Not Active","Not Active","Not Active","Not Active","Not Active"
"132.46","2625","9601","114.8","69","100","Not Active","Not Active","Not Active","Not Active","Not Active"
"132.8","2625","9601","114.4","69","100","Not Active","Not Active","Not Active","Not Active","Not Active"
"133.11","2625","9601","113.85","69","100","Not Active","Not Active","Not Active","Not Active","Not Active"
"133.44","2625","9601","113.3","69","100","Not Active","Not Active","Not Active","Not Active","Not Active"
"133.76","2625","9601","113.12","69","100","Not Active","Not Active","Not Active","Not Active","Not Active"
"134.08","2625","9601","112.25","69","91","Not Active","Not Active","Not Active","Not Active","Not Active"
"134.39","2625","9601","112.97","69","100","Not Active","Not Active","Not Active","Not Active","Not Active"
"134.71","2625","9601","113.81","69","100","Not Active","Not Active","Not Active","Not Active","Not Active"
"135.01","2625","9601","115.49","69","100","Not Active","Not Active","Not Active","Not Active","Not Active"
"135.33","2625","9601","115.59","69","100","Not Active","Not Active","Not Active","Not Active","Not Active"
"135.66","2625","9601","115.76","69","100","Not Active","Not Active","Not Active","Not Active","Not Active"
"135.96","2625","9601","115.85","70","100","Not Active","Not Active","Not Active","Not Active","Not Active"
"136.28","2625","9601","115.94","70","100","Not Active","Not Active","Not Active","Not Active","Not Active"
"136.59","2625","9601","115.92","69","100","Not Active","Not Active","Not Active","Not Active","Not Active"
"136.91","2625","9601","115.95","69","100","Not Active","Not Active","Not Active","Not Active","Not Active"
"137.22","2625","9601","115.98","70","100","Not Active","Not Active","Not Active","Not Active","Not Active"
"137.53","2625","9601","116.01","70","100","Not Active","Not Active","Not Active","Not Active","Not Active"
"137.85","2625","9601","116.04","67","100","Not Active","Not Active","Not Active","Not Active","Not Active"
"138.16","2625","9601","114.57","67","100","Not Active","Not Active","Not Active","Not Active","Not Active"
"138.47","2625","9601","114.46","69","100","Not Active","Not Active","Not Active","Not Active","Not Active"
"138.79","2625","9601","114.43","69","100","Not Active","Not Active","Not Active","Not Active","Not Active"
"139.11","2625","9601","115.9","70","100","Not Active","Not Active","Not Active","Not Active","Not Active"
"139.44","2625","9601","115.92","70","100","Not Active","Not Active","Not Active","Not Active","Not Active"
"139.74","2625","9601","116.03","70","100","Not Active","Not Active","Not Active","Not Active","Not Active"
"140.05","2625","9601","116.06","70","100","Not Active","Not Active","Not Active","Not Active","Not Active"
"140.37","2625","9601","116.03","70","100","Not Active","Not Active","Not Active","Not Active","Not Active"
"140.71","2625","9601","115.93","70","100","Not Active","Not Active","Not Active","Not Active","Not Active"
"141.04","2625","9601","115.94","70","100","Not Active","Not Active","Not Active","Not Active","Not Active"
"141.36","2625","9601","115.96","70","100","Not Active","Not Active","Not Active","Not Active","Not Active"
"141.68","2625","9601","116.06","70","100","Not Active","Not Active","Not Active","Not Active","Not Active"
"142","2625","9601","114.71","70","92","Not Active","Not Active","Not Active","Not Active","Not Active"
"142.31","2625","9601","114.66","70","100","Not Active","Not Active","Not Active","Not Active","Not Active"
"142.61","2625","9601","114.61","70","100","Not Active","Not Active","Not Active","Not Active","Not Active"
"142.94","2625","9601","114.65","70","100","Not Active","Not Active","Not Active","Not Active","Not Active"
"143.26","2625","9601","116.03","70","100","Not Active","Not Active","Not Active","Not Active","Not Active"
"143.57","2625","9601","116.12","70","100","Not Active","Not Active","Not Active","Not Active","Not Active"
"143.9","2625","9601","116.13","70","100","Not Active","Not Active","Not Active","Not Active","Not Active"
"144.21","2625","9601","116.11","70","100","Not Active","Not Active","Not Active","Not Active","Not Active"
"144.52","2625","9601","116.06","70","100","Not Active","Not Active","Not Active","Not Active","Not Active"
"144.83","2625","9601","116.02","70","100","Not Active","Not Active","Not Active","Not Active","Not Active"
"145.15","2625","9601","116.02","70","100","Not Active","Not Active","Not Active","Not Active","Not Active"
"145.45","2625","9601","116.04","70","100","Not Active","Not Active","Not Active","Not Active","Not Active"
"145.76","2625","9601","116.1","70","100","Not Active","Not Active","Not Active","Not Active","Not Active"
"146.1","2625","9601","116.04","70","100","Not Active","Not Active","Not Active","Not Active","Not Active"
"146.41","2625","9601","116.02","70","100","Not Active","Not Active","Not Active","Not Active","Not Active"
"146.73","2625","9601","116","70","100","Not Active","Not Active","Not Active","Not Active","Not Active"
"147.04","2625","9601","116.07","70","100","Not Active","Not Active","Not Active","Not Active","Not Active"
"147.35","2625","9601","116.07","70","100","Not Active","Not Active","Not Active","Not Active","Not Active"
"147.65","2625","9601","116.14","70","100","Not Active","Not Active","Not Active","Not Active","Not Active"
"147.98","2625","9601","116.16","70","100","Not Active","Not Active","Not Active","Not Active","Not Active"
"148.3","2625","9601","116.16","70","100","Not Active","Not Active","Not Active","Not Active","Not Active"
"148.63","2625","9601","116.06","70","100","Not Active","Not Active","Not Active","Not Active","Not Active"
"148.94","2625","9601","116.03","70","100","Not Active","Not Active","Not Active","Not Active","Not Active"
"149.26","2625","9601","116.04","70","100","Not Active","Not Active","Not Active","Not Active","Not Active"
"149.56","2625","9601","116.1","70","100","Not Active","Not Active","Not Active","Not Active","Not Active"
"149.89","2625","9601","114.87","68","92","Not Active","Not Active","Not Active","Not Active","Not Active"
"150.2","2625","9601","114.85","68","100","Not Active","Not Active","Not Active","Not Active","Not Active"
"150.51","2625","9601","114.75","70","100","Not Active","Not Active","Not Active","Not Active","Not Active"
"150.83","2625","9601","114.71","70","100","Not Active","Not Active","Not Active","Not Active","Not Active"
"151.14","2625","9601","116.05","70","100","Not Active","Not Active","Not Active","Not Active","Not Active"
"151.45","2625","9601","116.06","70","100","Not Active","Not Active","Not Active","Not Active","Not Active"
"151.76","2625","9601","116.15","70","100","Not Active","Not Active","Not Active","Not Active","Not Active"
"152.07","2625","9601","116.17","70","100","Not Active","Not Active","Not Active","Not Active","Not Active"
"152.39","2625","9601","116.17","70","100","Not Active","Not Active","Not Active","Not Active","Not Active"
"152.73","2625","9601","116.1","70","100","Not Active","Not Active","Not Active","Not Active","Not Active"
"153.03","2625","9601","116.09","70","100","Not Active","Not Active","Not Active","Not Active","Not Active"
"153.34","2625","9601","116.02","70","99","Not Active","Not Active","Not Active","Not Active","Not Active"
"153.65","2625","9601","116.05","70","100","Not Active","Not Active","Not Active","Not Active","Not Active"
"153.97","2625","9601","115.93","70","98","Not Active","Not Active","Not Active","Not Active","Not Active"
"154.27","2625","9601","114.63","70","93","Not Active","Not Active","Not Active","Not Active","Not Active"
"154.58","2625","9601","114.68","70","100","Not Active","Not Active","Not Active","Not Active","Not Active"
"154.9","2625","9601","114.67","70","100","Not Active","Not Active","Not Active","Not Active","Not Active"
"155.21","2625","9601","116.17","70","100","Not Active","Not Active","Not Active","Not Active","Not Active"
"155.54","2625","9601","116.18","70","100","Not Active","Not Active","Not Active","Not Active","Not Active"
"155.85","2625","9601","116.25","70","100","Not Active","Not Active","Not Active","Not Active","Not Active"
"156.16","2625","9601","116.25","70","100","Not Active","Not Active","Not Active","Not Active","Not Active"
"156.47","2625","9601","116.2","70","100","Not Active","Not Active","Not Active","Not Active","Not Active"
"156.78","2625","9601","116.24","70","100","Not Active","Not Active","Not Active","Not Active","Not Active"
"157.1","2625","9601","116.22","70","100","Not Active","Not Active","Not Active","Not Active","Not Active"
"157.43","2625","9601","116.24","70","100","Not Active","Not Active","Not Active","Not Active","Not Active"
"157.75","2625","9601","116.29","70","100","Not Active","Not Active","Not Active","Not Active","Not Active"
"158.05","2625","9601","114.61","70","100","Not Active","Not Active","Not Active","Not Active","Not Active"
"158.37","2625","9601","114.44","70","100","Not Active","Not Active","Not Active","Not Active","Not Active"
"158.7","2625","9601","113.51","70","100","Not Active","Not Active","Not Active","Not Active","Not Active"
"159.01","2625","9601","113.37","70","100","Not Active","Not Active","Not Active","Not Active","Not Active"
"159.31","2625","9601","114.76","70","100","Not Active","Not Active","Not Active","Not Active","Not Active"
"159.63","2625","9601","114.42","70","100","Not Active","Not Active","Not Active","Not Active","Not Active"
"159.94","2625","9601","114.18","70","100","Not Active","Not Active","Not Active","Not Active","Not Active"
"160.26","2625","9601","114.03","70","100","Not Active","Not Active","Not Active","Not Active","Not Active"
"160.6","2625","9601","114.11","69","100","Not Active","Not Active","Not Active","Not Active","Not Active"
"160.91","2625","9601","113.43","69","99","Not Active","Not Active","Not Active","Not Active","Not Active"
"161.23","2625","9601","112.27","69","99","Not Active","Not Active","Not Active","Not Active","Not Active"
"161.55","2625","9601","110.96","69","100","Not Active","Not Active","Not Active","Not Active","Not Active"
"161.86","2625","9601","110.99","70","100","Not Active","Not Active","Not Active","Not Active","Not Active"
"162.18","2625","9601","110.74","70","92","Not Active","Not Active","Not Active","Not Active","Not Active"
"162.49","2625","9601","112.17","70","100","Not Active","Not Active","Not Active","Not Active","Not Active"
"162.81","2625","9601","112.61","70","100","Not Active","Not Active","Not Active","Not Active","Not Active"
"163.12","2625","9601","113.49","70","99","Not Active","Not Active","Not Active","Not Active","Not Active"
"163.43","2625","9601","113.52","70","100","Not Active","Not Active","Not Active","Not Active","Not Active"
"163.75","2625","9601","112.26","70","100","Not Active","Not Active","Not Active","Not Active","Not Active"
"164.05","2625","9601","111.96","70","100","Not Active","Not Active","Not Active","Not Active","Not Active"
"164.37","2625","9601","112.24","70","100","Not Active","Not Active","Not Active","Not Active","Not Active"
"164.67","2625","9601","112.64","70","100","Not Active","Not Active","Not Active","Not Active","Not Active"
"164.99","2625","9601","114.12","70","100","Not Active","Not Active","Not Active","Not Active","Not Active"
"165.31","2625","9601","114.35","70","100","Not Active","Not Active","Not Active","Not Active","Not Active"
"165.62","2625","9601","114.48","70","100","Not Active","Not Active","Not Active","Not Active","Not Active"
"165.93","2625","9601","114.07","70","100","Not Active","Not Active","Not Active","Not Active","Not Active"
"166.25","2625","9601","113.96","71","99","Not Active","Not Active","Not Active","Not Active","Not Active"
"166.56","2625","9601","114.64","71","100","Not Active","Not Active","Not Active","Not Active","Not Active"
"166.86","2625","9601","115.03","71","100","Not Active","Not Active","Not Active","Not Active","Not Active"
"167.17","2625","9601","115.21","71","100","Not Active","Not Active","Not Active","Not Active","Not Active"
"167.49","2625","9601","115.2","70","100","Not Active","Not Active","Not Active","Not Active","Not Active"
"167.8","2625","9601","114.8","70","100","Not Active","Not Active","Not Active","Not Active","Not Active"
"168.12","2625","9601","114.66","70","100","Not Active","Not Active","Not Active","Not Active","Not Active"
"168.43","2625","9601","114.48","70","100","Not Active","Not Active","Not Active","Not Active","Not Active"
"168.75","2625","9601","114.56","70","100","Not Active","Not Active","Not Active","Not Active","Not Active"
"169.06","2625","9601","114.94","70","100","Not Active","Not Active","Not Active","Not Active","Not Active"
"169.38","2625","9601","114.99","71","100","Not Active","Not Active","Not Active","Not Active","Not Active"
"169.71","2625","9601","115.4","71","100","Not Active","Not Active","Not Active","Not Active","Not Active"
"170.02","2625","9601","115.13","70","100","Not Active","Not Active","Not Active","Not Active","Not Active"
"170.33","2625","9601","114.91","70","100","Not Active","Not Active","Not Active","Not Active","Not Active"
"170.65","2625","9601","114.06","70","100","Not Active","Not Active","Not Active","Not Active","Not Active"
"170.95","2625","9601","113.87","71","100","Not Active","Not Active","Not Active","Not Active","Not Active"
"171.27","2625","9601","113.99","71","100","Not Active","Not Active","Not Active","Not Active","Not Active"
"171.58","2625","9601","113.17","70","99","Not Active","Not Active","Not Active","Not Active","Not Active"
"171.89","2625","9601","113.87","70","100","Not Active","Not Active","Not Active","Not Active","Not Active"
"172.21","2625","9601","114.12","71","100","Not Active","Not Active","Not Active","Not Active","Not Active"
"172.52","2625","9601","115.78","71","100","Not Active","Not Active","Not Active","Not Active","Not Active"
"172.83","2625","9601","115.48","70","100","Not Active","Not Active","Not Active","Not Active","Not Active"
"173.14","2625","9601","114.45","70","100","Not Active","Not Active","Not Active","Not Active","Not Active"
"173.46","2625","9601","114.31","70","100","Not Active","Not Active","Not Active","Not Active","Not Active"
"173.77","2625","9601","114.32","70","100","Not Active","Not Active","Not Active","Not Active","Not Active"
"174.09","2625","9601","115.27","71","99","Not Active","Not Active","Not Active","Not Active","Not Active"
"174.4","2625","9601","115.14","71","100","Not Active","Not Active","Not Active","Not Active","Not Active"
"174.73","2625","9601","114.21","70","100","Not Active","Not Active","Not Active","Not Active","Not Active"
"175.04","2625","9601","113.61","70","100","Not Active","Not Active","Not Active","Not Active","Not Active"
"175.35","2625","9601","113.62","71","100","Not Active","Not Active","Not Active","Not Active","Not Active"
"175.66","2625","9601","113.89","71","100","Not Active","Not Active","Not Active","Not Active","Not Active"
"175.97","2625","9601","114.75","71","100","Not Active","Not Active","Not Active","Not Active","Not Active"
"176.29","2625","9601","114.99","71","100","Not Active","Not Active","Not Active","Not Active","Not Active"
"176.61","2625","9601","115.15","71","99","Not Active","Not Active","Not Active","Not Active","Not Active"
"176.93","2625","9601","114.92","70","100","Not Active","Not Active","Not Active","Not Active","Not Active"
"177.23","2625","9601","114.56","70","100","Not Active","Not Active","Not Active","Not Active","Not Active"
"177.55","2625","9601","114.53","70","100","Not Active","Not Active","Not Active","Not Active","Not Active"
"177.88","2625","9601","114.08","70","100","Not Active","Not Active","Not Active","Not Active","Not Active"
"178.21","2625","9601","115.06","71","99","Not Active","Not Active","Not Active","Not Active","Not Active"
"178.52","2625","9601","115.09","71","100","Not Active","Not Active","Not Active","Not Active","Not Active"
"178.83","2625","9601","115.63","71","100","Not Active","Not Active","Not Active","Not Active","Not Active"
"179.15","2625","9601","116.05","71","100","Not Active","Not Active","Not Active","Not Active","Not Active"
"179.46","2625","9601","116.22","71","100","Not Active","Not Active","Not Active","Not Active","Not Active"
"179.77","2625","9601","116.04","71","98","Not Active","Not Active","Not Active","Not Active","Not Active"
"180.07","2625","9601","116.09","71","100","Not Active","Not Active","Not Active","Not Active","Not Active"
"180.37","2625","9601","116.11","71","100","Not Active","Not Active","Not Active","Not Active","Not Active"
"180.69","2625","9601","116.01","71","100","Not Active","Not Active","Not Active","Not Active","Not Active"
"180.99","2625","9601","116.46","71","100","Not Active","Not Active","Not Active","Not Active","Not Active"
"181.3","2625","9601","116.42","71","100","Not Active","Not Active","Not Active","Not Active","Not Active"
"181.62","2625","9601","116.54","71","100","Not Active","Not Active","Not Active","Not Active","Not Active"
"181.96","2625","9601","116.53","71","100","Not Active","Not Active","Not Active","Not Active","Not Active"
"182.26","2625","9601","116.46","71","100","Not Active","Not Active","Not Active","Not Active","Not Active"
"182.57","2625","9601","116.38","71","100","Not Active","Not Active","Not Active","Not Active","Not Active"
"182.89","2625","9601","116.35","71","100","Not Active","Not Active","Not Active","Not Active","Not Active"
"183.19","2625","9601","116.39","71","100","Not Active","Not Active","Not Active","Not Active","Not Active"
"183.52","2625","9601","116.41","71","100","Not Active","Not Active","Not Active","Not Active","Not Active"
"183.82","2625","9601","116.51","71","100","Not Active","Not Active","Not Active","Not Active","Not Active"
"184.13","2625","9601","116.56","71","100","Not Active","Not Active","Not Active","Not Active","Not Active"
"184.44","2625","9601","116.42","71","100","Not Active","Not Active","Not Active","Not Active","Not Active"
"184.75","2625","9601","116.14","71","100","Not Active","Not Active","Not Active","Not Active","Not Active"
"185.06","2625","9601","116.03","71","100","Not Active","Not Active","Not Active","Not Active","Not Active"
"185.39","2625","9601","115.84","71","100","Not Active","Not Active","Not Active","Not Active","Not Active"
"185.71","2625","9601","116.11","71","100","Not Active","Not Active","Not Active","Not Active","Not Active"
"186.01","2625","9601","116.22","71","100","Not Active","Not Active","Not Active","Not Active","Not Active"
"186.33","2625","9601","116.3","71","100","Not Active","Not Active","Not Active","Not Active","Not Active"
"186.64","2625","9601","116.16","71","100","Not Active","Not Active","Not Active","Not Active","Not Active"
"186.94","2625","9601","116.08","71","100","Not Active","Not Active","Not Active","Not Active","Not Active"
"187.25","2625","9601","116.09","71","100","Not Active","Not Active","Not Active","Not Active","Not Active"
"187.56","2625","9601","116.08","71","100","Not Active","Not Active","Not Active","Not Active","Not Active"
"187.89","2625","9601","115.74","70","99","Not Active","Not Active","Not Active","Not Active","Not Active"
"188.21","2625","9601","114.09","70","100","Not Active","Not Active","Not Active","Not Active","Not Active"
"188.53","2625","9601","113.08","71","100","Not Active","Not Active","Not Active","Not Active","Not Active"
"188.84","2625","9601","113.07","71","100","Not Active","Not Active","Not Active","Not Active","Not Active"
"189.15","2625","9601","113.55","70","100","Not Active","Not Active","Not Active","Not Active","Not Active"
"189.49","2625","9601","113.31","70","100","Not Active","Not Active","Not Active","Not Active","Not Active"
"189.8","2625","9601","113.5","71","100","Not Active","Not Active","Not Active","Not Active","Not Active"
"190.12","2625","9601","113.79","71","100","Not Active","Not Active","Not Active","Not Active","Not Active"
"190.43","2625","9601","115.17","71","99","Not Active","Not Active","Not Active","Not Active","Not Active"
"190.75","2625","9601","116.13","71","100","Not Active","Not Active","Not Active","Not Active","Not Active"
"191.06","2625","9601","116.04","71","100","Not Active","Not Active","Not Active","Not Active","Not Active"
"191.38","2625","9601","116.05","71","100","Not Active","Not Active","Not Active","Not Active","Not Active"
"191.69","2625","9601","116.4","71","100","Not Active","Not Active","Not Active","Not Active","Not Active"
"192.01","2625","9601","116.5","71","100","Not Active","Not Active","Not Active","Not Active","Not Active"
"192.33","2625","9601","116.57","71","100","Not Active","Not Active","Not Active","Not Active","Not Active"
"192.63","2625","9601","116.57","71","100","Not Active","Not Active","Not Active","Not Active","Not Active"
"192.94","2625","9601","115.85","71","100","Not Active","Not Active","Not Active","Not Active","Not Active"
"193.26","2625","9601","115.69","71","100","Not Active","Not Active","Not Active","Not Active","Not Active"
"193.58","2625","9601","115.54","71","100","Not Active","Not Active","Not Active","Not Active","Not Active"
"193.89","2625","9601","115.88","71","100","Not Active","Not Active","Not Active","Not Active","Not Active"
"194.2","2625","9601","116.19","71","100","Not Active","Not Active","Not Active","Not Active","Not Active"
"194.52","2625","9601","116.24","71","100","Not Active","Not Active","Not Active","Not Active","Not Active"
"194.82","2625","9601","116.18","71","100","Not Active","Not Active","Not Active","Not Active","Not Active"
"195.13","2625","9601","116.23","71","100","Not Active","Not Active","Not Active","Not Active","Not Active"
"195.45","2625","9601","116.39","71","100","Not Active","Not Active","Not Active","Not Active","Not Active"
"195.76","2625","9601","116.44","71","100","Not Active","Not Active","Not Active","Not Active","Not Active"
"196.09","2625","9601","116.46","71","100","Not Active","Not Active","Not Active","Not Active","Not Active"
"196.4","2625","9601","116.5","71","100","Not Active","Not Active","Not Active","Not Active","Not Active"
"196.71","2625","9601","116.37","71","100","Not Active","Not Active","Not Active","Not Active","Not Active"
"197.01","2625","9601","116.36","71","100","Not Active","Not Active","Not Active","Not Active","Not Active"
"197.32","2625","9601","116.37","71","100","Not Active","Not Active","Not Active","Not Active","Not Active"
"197.64","2625","9601","116.37","71","100","Not Active","Not Active","Not Active","Not Active","Not Active"
"197.95","2625","9601","116.53","72","100","Not Active","Not Active","Not Active","Not Active","Not Active"
"198.27","2625","9601","116.41","71","100","Not Active","Not Active","Not Active","Not Active","Not Active"
"198.58","2625","9601","116.33","71","100","Not Active","Not Active","Not Active","Not Active","Not Active"
"198.89","2625","9601","116.28","71","100","Not Active","Not Active","Not Active","Not Active","Not Active"
"199.2","2625","9601","116.26","71","100","Not Active","Not Active","Not Active","Not Active","Not Active"
"199.5","2625","9601","116.37","71","100","Not Active","Not Active","Not Active","Not Active","Not Active"
"199.84","2625","9601","116.37","71","100","Not Active","Not Active","Not Active","Not Active","Not Active"
"200.15","2625","9601","116.26","71","100","Not Active","Not Active","Not Active","Not Active","Not Active"
"200.49","2625","9601","116.16","71","100","Not Active","Not Active","Not Active","Not Active","Not Active"
"200.79","2625","9601","116.08","71","100","Not Active","Not Active","Not Active","Not Active","Not Active"
"201.1","2625","9601","116.21","71","100","Not Active","Not Active","Not Active","Not Active","Not Active"
"201.41","2625","9601","116.22","72","100","Not Active","Not Active","Not Active","Not Active","Not Active"
"201.74","2625","9601","116.22","72","100","Not Active","Not Active","Not Active","Not Active","Not Active"
"202.05","2625","9601","116.22","72","100","Not Active","Not Active","Not Active","Not Active","Not Active"
"202.38","2625","9601","116.17","71","99","Not Active","Not Active","Not Active","Not Active","Not Active"
"202.72","2625","9601","116.08","71","100","Not Active","Not Active","Not Active","Not Active","Not Active"
"203.05","2625","9601","116.1","72","100","Not Active","Not Active","Not Active","Not Active","Not Active"
"203.41","2625","9601","116.17","72","100","Not Active","Not Active","Not Active","Not Active","Not Active"
"203.72","2625","9601","116.25","72","100","Not Active","Not Active","Not Active","Not Active","Not Active"
"204.02","2625","9601","116.26","72","100","Not Active","Not Active","Not Active","Not Active","Not Active"
"204.33","2625","9601","116.28","72","100","Not Active","Not Active","Not Active","Not Active","Not Active"
"204.64","2625","9601","116.23","72","100","Not Active","Not Active","Not Active","Not Active","Not Active"
"204.97","2625","9601","116.21","72","100","Not Active","Not Active","Not Active","Not Active","Not Active"
"205.29","2625","9601","116.16","72","100","Not Active","Not Active","Not Active","Not Active","Not Active"
"205.61","2625","9601","116.16","72","100","Not Active","Not Active","Not Active","Not Active","Not Active"
"205.91","2625","9601","116.22","72","100","Not Active","Not Active","Not Active","Not Active","Not Active"
"206.22","2625","9601","116.24","71","100","Not Active","Not Active","Not Active","Not Active","Not Active"
"206.53","2625","9601","116.19","71","100","Not Active","Not Active","Not Active","Not Active","Not Active"
"206.85","2625","9601","116.12","72","100","Not Active","Not Active","Not Active","Not Active","Not Active"
"207.2","2625","9601","116.16","72","100","Not Active","Not Active","Not Active","Not Active","Not Active"
"207.52","2625","9601","116.22","72","100","Not Active","Not Active","Not Active","Not Active","Not Active"
"207.82","2625","9601","116.26","72","100","Not Active","Not Active","Not Active","Not Active","Not Active"
"208.15","2625","9601","116.25","72","100","Not Active","Not Active","Not Active","Not Active","Not Active"
"208.49","2625","9601","116.2","72","100","Not Active","Not Active","Not Active","Not Active","Not Active"
"208.8","2625","9601","116.12","71","100","Not Active","Not Active","Not Active","Not Active","Not Active"
"209.11","2625","9601","116.15","71","100","Not Active","Not Active","Not Active","Not Active","Not Active"
"209.43","2625","9601","116.11","72","100","Not Active","Not Active","Not Active","Not Active","Not Active"
"209.75","2625","9601","116.14","72","100","Not Active","Not Active","Not Active","Not Active","Not Active"
"210.08","2625","9601","115.91","72","100","Not Active","Not Active","Not Active","Not Active","Not Active"
"210.38","2625","9601","115.6","72","100","Not Active","Not Active","Not Active","Not Active","Not Active"
"210.71","2625","9601","115.35","72","100","Not Active","Not Active","Not Active","Not Active","Not Active"
"211.01","2625","9601","115","72","100","Not Active","Not Active","Not Active","Not Active","Not Active"
"211.31","2625","9601","114.98","72","100","Not Active","Not Active","Not Active","Not Active","Not Active"
"211.62","2625","9601","114.87","71","100","Not Active","Not Active","Not Active","Not Active","Not Active"
"211.94","2625","9601","114.68","71","100","Not Active","Not Active","Not Active","Not Active","Not Active"
"212.26","2625","9601","114.81","72","100","Not Active","Not Active","Not Active","Not Active","Not Active"
"212.56","2625","9601","115.16","72","100","Not Active","Not Active","Not Active","Not Active","Not Active"
"212.89","2625","9601","115.82","72","100","Not Active","Not Active","Not Active","Not Active","Not Active"
"213.2","2625","9601","116.39","72","100","Not Active","Not Active","Not Active","Not Active","Not Active"
"213.5","2625","9601","116.59","72","100","Not Active","Not Active","Not Active","Not Active","Not Active"
"213.82","2625","9601","116.73","72","100","Not Active","Not Active","Not Active","Not Active","Not Active"
"214.13","2625","9601","116.79","72","100","Not Active","Not Active","Not Active","Not Active","Not Active"
"214.45","2625","9601","116.76","72","99","Not Active","Not Active","Not Active","Not Active","Not Active"
"214.76","2625","9601","116.64","72","100","Not Active","Not Active","Not Active","Not Active","Not Active"
"215.08","2625","9601","116.63","72","100","Not Active","Not Active","Not Active","Not Active","Not Active"
"215.39","2625","9601","116.77","72","100","Not Active","Not Active","Not Active","Not Active","Not Active"
"215.69","2625","9601","116.84","72","100","Not Active","Not Active","Not Active","Not Active","Not Active"
"216.01","2625","9601","116.88","72","100","Not Active","Not Active","Not Active","Not Active","Not Active"
"216.31","2625","9601","116.82","72","100","Not Active","Not Active","Not Active","Not Active","Not Active"
"216.63","2625","9601","116.76","72","100","Not Active","Not Active","Not Active","Not Active","Not Active"
"216.95","2625","9601","116.78","72","100","Not Active","Not Active","Not Active","Not Active","Not Active"
"217.28","2625","9601","116.78","72","100","Not Active","Not Active","Not Active","Not Active","Not Active"
"217.6","2625","9601","116.82","72","100","Not Active","Not Active","Not Active","Not Active","Not Active"
"217.91","2625","9601","116.91","72","100","Not Active","Not Active","Not Active","Not Active","Not Active"
"218.23","2625","9601","116.94","72","100","Not Active","Not Active","Not Active","Not Active","Not Active"
"218.55","2625","9601","116.86","72","100","Not Active","Not Active","Not Active","Not Active","Not Active"
"218.89","2625","9601","116.76","72","100","Not Active","Not Active","Not Active","Not Active","Not Active"
"219.2","2625","9601","116.18","72","100","Not Active","Not Active","Not Active","Not Active","Not Active"
"219.51","2625","9601","115.7","72","100","Not Active","Not Active","Not Active","Not Active","Not Active"
"219.84","2625","9601","115.29","72","100","Not Active","Not Active","Not Active","Not Active","Not Active"
"220.16","2625","9601","114.72","72","100","Not Active","Not Active","Not Active","Not Active","Not Active"
"220.48","2625","9601","114.59","72","100","Not Active","Not Active","Not Active","Not Active","Not Active"
"220.79","2625","9601","114.04","71","100","Not Active","Not Active","Not Active","Not Active","Not Active"
"221.1","2625","9601","113.68","71","100","Not Active","Not Active","Not Active","Not Active","Not Active"
"221.41","2625","9601","113.23","71","100","Not Active","Not Active","Not Active","Not Active","Not Active"
"221.72","2625","9601","112.83","71","99","Not Active","Not Active","Not Active","Not Active","Not Active"
"222.04","2625","9601","112.94","71","100","Not Active","Not Active","Not Active","Not Active","Not Active"
"222.37","2625","9601","112.91","71","99","Not Active","Not Active","Not Active","Not Active","Not Active"
"222.68","2625","9601","113.84","72","100","Not Active","Not Active","Not Active","Not Active","Not Active"
"222.99","2625","9601","114.55","72","100","Not Active","Not Active","Not Active","Not Active","Not Active"
"223.3","2625","9601","115.04","72","100","Not Active","Not Active","Not Active","Not Active","Not Active"
"223.61","2625","9601","115.23","72","100","Not Active","Not Active","Not Active","Not Active","Not Active"
"223.93","2625","9601","115.27","72","100","Not Active","Not Active","Not Active","Not Active","Not Active"
"224.24","2625","9601","114.94","72","100","Not Active","Not Active","Not Active","Not Active","Not Active"
"224.56","2625","9601","115.11","72","100","Not Active","Not Active","Not Active","Not Active","Not Active"
"224.88","2625","9601","115.07","72","100","Not Active","Not Active","Not Active","Not Active","Not Active"
"225.19","2625","9601","115.28","72","100","Not Active","Not Active","Not Active","Not Active","Not Active"
"225.49","2625","9601","115.86","72","100","Not Active","Not Active","Not Active","Not Active","Not Active"
"225.81","2625","9601","115.94","72","100","Not Active","Not Active","Not Active","Not Active","Not Active"
"226.13","2625","9601","115.98","72","100","Not Active","Not Active","Not Active","Not Active","Not Active"
"226.45","2625","9601","115.9","72","99","Not Active","Not Active","Not Active","Not Active","Not Active"
"226.75","2625","9601","115.77","72","100","Not Active","Not Active","Not Active","Not Active","Not Active"
"227.08","2625","9601","115.79","72","100","Not Active","Not Active","Not Active","Not Active","Not Active"
"227.39","2625","9601","115.77","72","100","Not Active","Not Active","Not Active","Not Active","Not Active"
"227.7","2625","9601","115.88","72","100","Not Active","Not Active","Not Active","Not Active","Not Active"
"228","2625","9601","115.91","72","100","Not Active","Not Active","Not Active","Not Active","Not Active"
"228.33","2625","9601","115.88","72","100","Not Active","Not Active","Not Active","Not Active","Not Active"
"228.63","2625","9601","115.83","72","100","Not Active","Not Active","Not Active","Not Active","Not Active"
"228.95","2625","9601","115.74","72","100","Not Active","Not Active","Not Active","Not Active","Not Active"
"229.27","2625","9601","115.75","72","100","Not Active","Not Active","Not Active","Not Active","Not Active"
"229.58","2625","9601","115.5","72","100","Not Active","Not Active","Not Active","Not Active","Not Active"
"229.9","2625","9601","115.02","72","100","Not Active","Not Active","Not Active","Not Active","Not Active"
"230.21","2625","9601","114.58","72","100","Not Active","Not Active","Not Active","Not Active","Not Active"
"230.52","2625","9601","114.39","72","99","Not Active","Not Active","Not Active","Not Active","Not Active"
"230.82","2625","9601","114.06","72","100","Not Active","Not Active","Not Active","Not Active","Not Active"
"231.13","2625","9601","114.22","72","100","Not Active","Not Active","Not Active","Not Active","Not Active"
"231.45","2625","9601","113.99","71","99","Not Active","Not Active","Not Active","Not Active","Not Active"
"231.76","2625","9601","113.81","71","100","Not Active","Not Active","Not Active","Not Active","Not Active"
"232.08","2625","9601","114.07","72","100","Not Active","Not Active","Not Active","Not Active","Not Active"
"232.38","2625","9601","114.22","72","100","Not Active","Not Active","Not Active","Not Active","Not Active"
"232.7","2625","9601","114.34","72","99","Not Active","Not Active","Not Active","Not Active","Not Active"
"233.01","2625","9601","114.52","72","100","Not Active","Not Active","Not Active","Not Active","Not Active"
"233.33","2625","9601","114.24","72","100","Not Active","Not Active","Not Active","Not Active","Not Active"
"233.63","2625","9601","114.01","71","100","Not Active","Not Active","Not Active","Not Active","Not Active"
"233.94","2625","9601","114.11","71","100","Not Active","Not Active","Not Active","Not Active","Not Active"
"234.25","2625","9601","113.82","72","100","Not Active","Not Active","Not Active","Not Active","Not Active"
"234.56","2625","9601","113.64","72","99","Not Active","Not Active","Not Active","Not Active","Not Active"
"234.87","2625","9601","113.38","72","100","Not Active","Not Active","Not Active","Not Active","Not Active"
"235.18","2625","9601","113","72","100","Not Active","Not Active","Not Active","Not Active","Not Active"
"235.49","2625","9601","113.81","72","100","Not Active","Not Active","Not Active","Not Active","Not Active"
"235.8","2625","9601","114.58","72","100","Not Active","Not Active","Not Active","Not Active","Not Active"
"236.11","2625","9601","115.34","72","100","Not Active","Not Active","Not Active","Not Active","Not Active"
"236.41","2625","9601","115.6","72","100","Not Active","Not Active","Not Active","Not Active","Not Active"
"236.72","2625","9601","115.45","71","100","Not Active","Not Active","Not Active","Not Active","Not Active"
"237.03","2625","9601","114.98","71","100","Not Active","Not Active","Not Active","Not Active","Not Active"
"237.34","2625","9601","114.81","72","100","Not Active","Not Active","Not Active","Not Active","Not Active"
"237.67","2625","9601","114.49","72","100","Not Active","Not Active","Not Active","Not Active","Not Active"
"237.97","2625","9601","114.8","72","100","Not Active","Not Active","Not Active","Not Active","Not Active"
"238.28","2625","9601","114.2","72","100","Not Active","Not Active","Not Active","Not Active","Not Active"
"238.62","2625","9601","114.18","72","99","Not Active","Not Active","Not Active","Not Active","Not Active"
"238.92","2625","9601","114.04","72","100","Not Active","Not Active","Not Active","Not Active","Not Active"
"239.23","2625","9601","113.78","72","100","Not Active","Not Active","Not Active","Not Active","Not Active"
"239.55","2625","9601","114.44","72","100","Not Active","Not Active","Not Active","Not Active","Not Active"
"239.87","2625","9601","114.11","72","100","Not Active","Not Active","Not Active","Not Active","Not Active"
"240.19","2625","9601","114.33","72","100","Not Active","Not Active","Not Active","Not Active","Not Active"
"240.53","2625","9601","114.08","71","100","Not Active","Not Active","Not Active","Not Active","Not Active"
"240.83","2625","9601","113.7","71","100","Not Active","Not Active","Not Active","Not Active","Not Active"
"241.14","2625","9601","113.63","72","98","Not Active","Not Active","Not Active","Not Active","Not Active"
"241.47","2625","9601","113.97","72","100","Not Active","Not Active","Not Active","Not Active","Not Active"
"241.78","2625","9601","114.57","72","100","Not Active","Not Active","Not Active","Not Active","Not Active"
"242.09","2625","9601","114.45","72","100","Not Active","Not Active","Not Active","Not Active","Not Active"
"242.45","2640","9601","112.26","61","100","Not Active","Not Active","Not Active","Not Active","Not Active"
